,,Duplicated
,,Duplicated
16,Duplicated,
32,Duplicated
16,Duplicated
16,Duplicated
16,Duplicated
16,Duplicated
16,Duplicated
16,Duplicated
32,Duplicated
32,Duplicated
32,Duplicated
16,Duplicated
32,Duplicated
32,Duplicated
32,Duplicated
32,Duplicated
16,Duplicated
16,Duplicated
32,Duplicated
16,Duplicated
32,Duplicated
16,Duplicated
32,Duplicated
32,Duplicated
16,Duplicated
16,Duplicated
32,Duplicated
32,Duplicated
16,Duplicated
16,Duplicated
32,Duplicated
32,Duplicated
32,Duplicated
32,Duplicated
32,Duplicated
32,Duplicated
32,Duplicated
32,Duplicated
16,Duplicated
32,Duplicated
32,Duplicated
32,Duplicated
16,Duplicated
16,Duplicated
16,Duplicated
32,Duplicated
16,Duplicated
16,Duplicated
16,Duplicated
16,Duplicated
